{
    "id": "org.gnome.gitlab.somas.Apostrophe.Plugin.TexLive",
    "runtime": "org.gnome.gitlab.somas.Apostrophe",
    "branch": "stable",
    "runtime-version": "stable",
    "sdk": "org.gnome.Sdk//3.38",
    "build-extension": true,
    "separate-locales": false,
    "appstream-compose": false,
    "finish-args": [],
    "build-options" : {
        "prepend-path": "/app/extensions/TexLive",
        "env": {
            "PATH": "/app/extensions/TexLive/bin:/app/extensions/TexLive/2018/bin/x86_64-linux:/app/bin:/usr/bin"
        }
    },
    "cleanup": ["/bin/wget"],
    "modules": [
        {
            "name": "wget",
            "builddir": true,
            "build-options": {
                "prefix": "/app/extensions/TexLive"
            },
            "sources": [
                {
                    "type": "archive",
                    "url": "https://ftp.gnu.org/gnu/wget/wget-1.19.4.tar.gz",
                    "sha256": "93fb96b0f48a20ff5be0d9d9d3c4a986b469cb853131f9d5fe4cc9cecbc8b5b5"
                }
            ]
        },
        {
            "name": "p7zip",
            "no-autogen": true,
            "build-options": {
                "prefix": "/app/extensions/TexLive"
            },
            "make-args": ["7z"],
            "cleanup": ["*"],
            "sources": [
                {
                    "type": "archive",
                    "url": "https://sourceforge.net/projects/p7zip/files/p7zip/16.02/p7zip_16.02_src_all.tar.bz2",
                    "sha256": "5eb20ac0e2944f6cb9c2d51dd6c4518941c185347d4089ea89087ffdd6e2341f"
                },
                {
                    "type": "shell",
                    "commands": ["sed -i 's|/usr/local|/app/extensions/TexLive|g' makefile.common"]
                },
                {
                    "type": "patch",
                    "path" : "p7zip-gcc10.patch"
                }
            ]
        },
        {
            "name": "texlive",
            "buildsystem": "simple",
            "sources": [
                {
                    "type":"file",
                    "url": "http://mirrors.ctan.org/systems/texlive/Images/texlive.iso",
                    "sha512": "7c94bbcff5318e540dc0b03010896185d8985bcc2c2ac11906e831ec583fd574bf9720fce5efc29470c80bafe12f42ddaa392b96c460a27eda94f93c12e7b57d"
                },
                {
                    "type": "file",
                    "path": "texlive.profile"
                },
                {
                    "type": "shell",
                    "commands": ["7z x texlive.iso"]
                }
            ],
            "build-commands": [
                "chmod +x install-tl",
                "echo \"In\" | TEXLIVE_INSTALL_PREFIX=/app/extensions/TexLive ./install-tl --profile texlive.profile",
                "rm -rf /app/extensions/TexLive/texmf-dist/doc"
            ]
        },
        {
            "name": "appdata",
            "buildsystem": "simple",
            "build-commands": [
                "mkdir -p /app/extensions/TexLive/share/appdata",
                "install -Dm644 org.gnome.gitlab.somas.Apostrophe.Plugin.TexLive.appdata.xml /app/extensions/TexLive/share/appdata/org.gnome.gitlab.somas.Apostrophe.Plugin.TexLive.appdata.xml",
                "appstream-compose --basename=org.gnome.gitlab.somas.Apostrophe.Plugin.TexLive --prefix=/app/extensions/TexLive --origin=flatpak org.gnome.gitlab.somas.Apostrophe.Plugin.TexLive"
            ],
            "sources": [
                {
                    "type": "file",
                    "path": "org.gnome.gitlab.somas.Apostrophe.Plugin.TexLive.appdata.xml"
                }
            ]
        }
    ]
}
