<?xml version="1.0" encoding="UTF-8"?>
<component type="addon">
  <id>org.gnome.gitlab.somas.Apostrophe.Plugin.TexLive</id>
  <extends>org.gnome.gitlab.somas.Apostrophe</extends>
  <name>TexLive Plugin</name>
  <summary>Allows to export to pdf and to show formulas in the inline preview</summary>
  <url type="homepage">https://www.tug.org/texlive//</url>
  <project_license>LPPL</project_license>
  <metadata_license>CC0-1.0</metadata_license>
  <update_contact>w.vollprecht_AT_gmail.com</update_contact>
</component>
