<?xml version="1.0" encoding="UTF-8"?>
<gresources>
  <gresource prefix="/org/gnome/gitlab/somas/Apostrophe/">
    <file compressed="true" alias="icons/preview-layout-full-width-symbolic.svg">media/icons/preview-layout-full-width-symbolic.svg</file>
    <file compressed="true" alias="icons/preview-layout-half-width-symbolic.svg">media/icons/preview-layout-half-width-symbolic.svg</file>
    <file compressed="true" alias="icons/preview-layout-windowed-symbolic.svg">media/icons/preview-layout-windowed-symbolic.svg</file>
    <file compressed="true" alias="icons/preview-layout-half-height-symbolic.svg">media/icons/preview-layout-half-height-symbolic.svg</file>
    <file compressed="true" alias="icons/checkmark-symbolic.svg">media/icons/checkmark-symbolic.svg</file>
    <file compressed="true">media/css/gtk/Adwaita.css</file>
    <file compressed="true">media/css/gtk/Adwaita-hc.css</file>
    <file compressed="true">media/css/gtk/Adwaita-dark.css</file>
    <file compressed="true">media/css/gtk/Adwaita-dark-hc.css</file>
    <file compressed="true">media/css/gtk/Adwaita-sepia.css</file>
    <file compressed="true">media/css/gtk/Adwaita-sepia-hc.css</file>
    <file compressed="true">media/css/gtk/bindings.css</file>
    <file compressed="true" preprocess="xml-stripblanks">ui/Export.ui</file>
    <file compressed="true" preprocess="xml-stripblanks">ui/Headerbar.ui</file>
    <file compressed="true" preprocess="xml-stripblanks">ui/Preferences.ui</file>
    <file compressed="true" preprocess="xml-stripblanks">ui/PreviewLayoutSwitcher.ui</file>
    <file compressed="true" preprocess="xml-stripblanks">ui/PreviewLayoutSwitcherItem.ui</file>
    <file compressed="true" preprocess="xml-stripblanks">ui/PreviewWindow.ui</file>
    <file compressed="true" preprocess="xml-stripblanks">ui/Recents.ui</file>
    <file compressed="true" preprocess="xml-stripblanks">ui/SearchBar.ui</file>
    <file compressed="true" preprocess="xml-stripblanks">ui/Shortcuts.ui</file>
    <file compressed="true" preprocess="xml-stripblanks">ui/TexliveWarning.ui</file>
    <file compressed="true" preprocess="xml-stripblanks">ui/TextView.ui</file>
    <file compressed="true" preprocess="xml-stripblanks">ui/ThemeSwitcher.ui</file>
    <file compressed="true" preprocess="xml-stripblanks">ui/Window.ui</file>
    <file compressed="true" preprocess="xml-stripblanks">About.ui</file>
    <file compressed="true">media/apostrophe_markdown.md</file>
  </gresource>
</gresources>
